hours_worked_per_week,meetings_per_week,avg_email_response_time_mins,projects_handled,coffee_cups_per_day,training_hours_per_month,experience_years,remote_work_ratio,distraction_hours_per_week,productivity_score
44.0,7,82.3,5,2,3.0,4.1,0.8,3.5,67.91
38.9,5,5.0,2,0,9.5,1.9,0.55,4.7,51.41
45.2,4,11.1,2,1,7.2,7.4,0.59,3.0,52.15
52.2,6,52.2,3,2,4.6,4.4,0.88,0.4,69.61
38.1,4,75.2,2,1,2.5,3.3,0.26,13.2,27.45
38.1,7,149.1,4,0,0.8,3.0,0.08,0.9,54.09
52.6,6,73.3,4,0,7.7,7.1,0.54,5.5,72.6
46.1,10,66.8,4,0,0.5,3.2,0.53,0.0,64.69
36.2,6,30.1,4,2,11.2,7.1,0.51,0.0,58.52
44.3,5,5.0,3,0,0.9,2.6,0.33,5.3,43.22
36.3,7,7.7,6,0,5.3,6.2,0.73,5.5,65.67
36.3,5,45.9,4,5,2.5,4.6,0.22,8.8,40.03
41.9,4,67.5,2,3,6.1,1.1,0.37,6.2,34.33
24.7,8,32.4,5,1,6.1,3.7,0.65,4.6,46.63
26.2,4,78.7,3,0,7.8,0.0,0.62,2.2,36.49
35.5,4,44.3,3,2,0.0,1.8,0.76,9.5,46.46
31.9,3,5.0,1,0,2.9,0.0,0.77,7.8,30.55
42.5,4,12.8,2,1,9.9,10.0,0.25,1.3,65.43
32.7,7,110.0,3,1,8.6,0.0,0.56,5.1,35.56
28.7,5,77.4,2,2,0.0,11.8,0.68,5.4,52.64
51.7,6,135.1,4,2,7.5,5.5,0.21,4.0,66.1
38.2,10,7.5,6,3,1.9,2.4,0.32,7.3,44.98
40.5,3,277.7,3,2,3.6,6.4,0.24,7.5,39.63
28.6,7,14.1,3,2,5.1,2.1,0.36,4.4,36.72
35.6,9,5.0,3,2,12.2,0.0,0.89,4.2,40.44
40.9,5,357.7,2,0,1.8,4.2,0.06,9.5,35.12
30.8,6,19.8,2,2,0.4,6.1,0.51,7.8,22.98
43.0,6,66.2,4,0,7.8,7.8,0.11,5.2,57.09
35.2,7,11.7,5,0,5.9,5.5,0.11,0.1,62.75
37.7,6,52.1,3,4,10.8,2.4,0.46,6.0,49.66
35.2,5,140.6,5,2,4.6,8.2,0.78,7.1,49.97
54.8,7,23.2,3,3,10.8,7.5,0.55,0.0,80.94
39.9,5,66.6,4,4,6.1,4.8,0.34,5.8,48.14
31.5,5,12.5,3,4,8.1,7.6,0.9,3.7,54.68
46.6,5,58.8,4,1,12.5,10.6,0.49,4.3,75.84
30.2,7,24.6,3,3,5.3,2.4,0.36,2.3,45.3
41.7,6,14.2,4,1,10.2,1.3,0.54,4.6,50.9
24.3,7,22.5,1,3,3.5,2.3,0.35,9.2,25.81
29.4,6,11.8,3,1,6.9,0.0,0.76,3.7,40.7
41.6,8,139.3,3,2,0.2,5.8,0.24,7.9,44.39
45.9,8,30.4,4,3,4.0,0.0,0.55,2.6,63.93
41.4,6,16.9,3,1,1.8,7.8,0.87,7.3,58.09
39.1,3,35.7,1,4,10.9,2.0,0.52,5.0,52.78
37.6,4,23.2,2,2,13.0,8.1,0.47,6.1,55.02
28.2,10,81.9,5,0,4.6,0.0,0.96,5.0,43.07
34.2,3,212.9,3,1,2.9,2.8,0.54,6.9,38.97
36.3,6,34.6,3,0,0.7,0.1,0.45,0.0,38.12
48.5,5,118.4,2,1,7.1,8.1,0.54,0.7,66.22
42.7,5,50.1,3,4,3.6,9.0,0.75,6.3,59.14
25.9,5,10.3,2,2,3.8,0.0,0.9,0.0,43.02
42.6,7,70.4,3,2,12.5,6.6,0.45,3.4,58.96
36.9,5,43.2,2,1,4.8,7.2,0.37,4.8,42.25
34.6,6,63.1,3,1,8.3,5.0,0.26,2.5,53.54
44.9,4,132.3,2,4,6.2,5.8,0.61,2.9,49.1
48.2,5,34.8,4,4,0.6,5.5,0.44,5.8,67.69
47.5,5,138.9,2,1,0.0,6.6,0.14,8.0,42.31
33.3,6,83.3,3,4,8.0,0.7,0.82,2.1,48.83
37.5,3,40.2,2,0,12.8,7.6,0.56,3.3,61.01
42.7,2,55.5,1,2,7.3,4.6,0.48,2.8,56.46
47.8,5,23.6,2,0,8.5,4.4,0.74,0.0,55.56
36.2,7,246.6,3,2,2.4,5.7,0.64,5.4,46.25
38.5,4,66.0,1,1,10.1,0.2,0.7,7.8,38.53
31.1,7,5.0,3,3,10.0,0.0,0.11,8.0,29.65
30.4,7,23.7,3,3,3.2,3.6,0.4,2.4,38.48
46.5,3,58.6,1,0,8.2,8.6,0.14,1.2,58.46
50.8,4,5.0,2,2,0.0,0.4,0.23,5.1,40.24
39.4,7,5.0,3,0,8.9,4.5,0.58,7.5,57.54
48.0,5,35.9,1,2,3.7,1.8,0.58,5.5,54.66
42.9,8,24.3,5,1,1.1,1.4,0.42,5.9,52.14
34.8,8,34.6,5,3,7.6,5.5,0.19,8.4,45.96
42.9,2,18.3,2,2,0.0,6.3,0.49,2.8,53.91
52.3,6,10.8,3,1,7.4,1.6,0.68,4.3,64.45
39.7,6,70.1,4,2,1.5,8.2,0.6,9.9,58.27
52.5,5,43.4,5,3,0.6,5.3,0.67,4.4,65.08
19.0,6,13.4,4,3,6.2,3.3,0.49,1.2,35.41
46.6,4,23.1,2,0,5.3,5.0,0.68,3.0,67.07
40.7,8,53.8,4,1,11.8,10.1,0.68,2.2,57.04
37.6,6,5.0,2,4,0.9,6.3,0.81,6.1,39.21
40.7,3,9.6,2,3,11.5,1.9,0.35,2.3,53.23
24.1,4,5.0,2,1,1.4,3.9,0.7,5.8,22.7
38.2,7,100.4,4,0,9.7,4.4,0.77,2.8,63.12
42.9,3,83.8,1,4,10.4,6.0,0.42,0.0,65.19
51.8,9,84.0,4,1,7.3,4.7,0.9,5.9,57.79
35.9,3,75.6,1,3,2.8,9.7,0.67,5.4,54.5
33.5,6,66.4,3,1,0.0,3.3,0.13,6.6,43.3
36.0,3,38.9,1,2,0.0,0.0,0.37,3.0,35.15
47.3,2,61.7,1,4,13.4,4.6,0.39,2.7,58.31
42.6,5,5.0,1,1,4.8,2.7,0.71,6.2,56.32
35.8,4,58.3,2,4,1.6,0.0,0.62,9.6,35.19
44.1,2,90.3,2,2,1.4,1.9,0.5,5.0,48.24
40.8,6,41.6,4,3,6.7,2.9,0.45,6.3,59.4
47.7,5,26.5,2,4,4.4,7.4,0.69,4.0,62.06
34.4,6,19.5,1,5,0.0,0.0,0.49,0.4,34.94
37.4,6,61.8,4,1,9.5,5.0,0.4,7.9,49.2
36.9,8,70.8,3,2,7.3,10.7,0.4,7.7,55.23
28.3,6,122.9,2,3,13.4,3.5,0.3,7.1,22.8
42.4,4,25.1,2,0,10.6,3.4,0.47,4.5,50.42
42.1,9,88.1,4,1,0.0,6.2,0.42,6.8,54.94
40.0,4,49.4,4,2,11.7,5.6,0.52,7.7,53.31
38.1,5,128.7,2,0,10.8,8.3,0.26,9.9,51.63
28.7,5,45.0,3,2,3.1,3.5,0.78,8.0,44.11
36.6,6,43.7,4,4,4.3,6.1,0.24,5.2,50.82
37.3,6,51.7,3,3,7.6,6.2,0.57,1.1,54.29
33.6,5,83.0,2,2,1.9,3.0,0.75,5.5,35.98
38.7,6,200.6,3,4,5.0,3.7,0.52,5.8,60.05
43.2,7,5.0,2,3,10.0,4.0,0.36,7.1,58.64
55.1,6,5.0,3,0,8.1,0.3,0.43,9.1,52.85
41.4,5,166.4,5,2,3.3,2.8,0.25,4.7,48.82
42.1,7,45.3,2,5,10.1,8.5,0.46,11.3,46.85
39.4,5,57.3,1,1,7.2,7.1,0.43,0.0,55.6
24.6,2,39.5,2,2,7.1,2.3,0.42,6.3,25.89
39.8,9,5.9,5,2,3.9,4.0,0.46,2.6,57.29
40.5,4,87.7,3,2,6.0,6.9,0.62,0.0,70.81
59.7,5,82.5,1,1,2.9,5.3,0.23,4.4,46.8
38.5,4,22.4,2,2,0.0,6.4,0.65,0.6,58.82
42.4,3,21.9,1,0,4.9,5.6,0.1,4.5,55.06
39.7,6,109.2,4,0,5.5,4.6,0.74,5.1,49.02
30.7,4,5.0,2,0,6.5,3.5,0.33,8.4,44.02
49.1,5,127.8,3,2,10.8,0.4,0.91,0.5,59.87
46.0,6,17.8,3,5,3.4,6.1,0.59,7.7,56.19
46.3,7,53.9,4,3,4.5,3.3,0.53,5.3,53.84
32.7,5,164.9,3,4,9.1,0.0,0.51,8.1,33.32
51.2,4,68.0,2,1,3.0,2.4,0.62,3.7,51.27
28.8,7,32.1,5,2,6.6,6.6,0.43,1.0,60.48
44.7,6,70.2,3,3,4.4,0.0,0.23,1.3,56.74
57.5,5,25.3,3,2,5.0,0.9,0.54,1.1,66.72
32.1,6,19.5,2,3,9.0,4.4,0.61,6.4,33.0
35.5,6,342.5,5,5,4.5,8.2,0.22,9.4,46.6
40.8,5,83.4,2,3,9.2,7.0,0.48,3.3,57.91
36.0,8,62.1,4,1,0.0,8.5,0.65,6.9,45.7
27.6,8,26.3,3,2,0.3,4.6,0.36,0.4,52.71
40.5,4,5.0,2,1,0.0,3.4,0.28,5.5,32.89
31.5,7,5.0,2,2,1.3,6.5,0.32,7.0,21.81
43.8,2,48.5,1,1,13.4,1.3,0.46,0.7,52.12
32.6,5,86.1,2,2,5.9,1.1,0.67,4.4,42.47
52.4,7,46.3,2,1,3.1,0.5,0.66,7.1,39.97
33.7,4,110.3,2,3,9.1,7.3,0.4,0.0,49.06
37.4,6,5.0,4,3,9.7,1.5,0.87,9.0,52.94
46.5,7,27.4,3,3,1.1,7.0,0.54,6.1,56.82
30.2,7,16.2,4,0,16.0,4.4,0.4,7.2,49.1
41.8,2,35.6,1,0,7.1,7.3,0.44,3.8,58.02
50.5,8,5.0,2,1,7.6,0.7,0.2,0.0,53.7
27.1,5,184.9,2,1,8.0,2.1,0.7,6.6,28.26
41.5,7,15.2,6,4,8.0,5.4,0.7,4.8,71.33
42.1,8,153.3,6,1,3.5,2.7,0.58,5.1,46.71
46.3,6,33.3,4,2,14.5,0.0,0.49,8.3,40.93
30.1,4,254.1,4,1,4.9,0.0,0.6,7.3,30.97
29.4,5,48.5,3,2,9.8,0.7,0.87,10.8,38.59
44.2,6,160.3,3,0,4.1,0.9,0.73,5.5,46.82
42.4,6,5.0,3,4,3.4,6.0,0.1,2.9,60.41
42.0,5,82.8,1,2,13.6,5.0,0.19,4.4,37.31
42.8,7,140.0,3,0,5.6,4.5,0.46,6.2,48.3
34.6,5,9.0,2,2,5.9,10.0,0.68,8.0,50.69
41.9,7,6.1,3,3,7.1,7.5,0.58,0.6,55.58
42.3,4,33.2,3,2,16.4,6.4,0.53,5.0,68.29
34.3,7,162.8,5,2,14.7,0.0,0.33,9.8,40.18
54.9,5,46.9,5,2,11.1,4.2,0.44,4.3,92.62
43.8,3,45.0,3,0,17.4,4.9,0.52,7.8,45.54
30.5,3,9.1,3,0,2.2,2.8,0.38,6.5,45.89
45.3,7,5.0,5,1,8.6,9.1,0.04,7.9,59.42
32.2,7,99.7,3,3,6.3,4.2,0.21,2.6,34.48
46.3,8,5.5,5,4,0.0,0.3,0.32,2.6,53.16
49.3,2,60.3,1,2,7.9,1.0,0.67,5.1,53.34
33.4,2,147.6,1,2,4.0,10.8,0.57,0.4,59.51
47.7,6,14.0,3,2,12.1,2.7,0.21,4.2,68.9
43.3,4,65.7,3,0,4.4,0.0,0.7,5.8,55.4
46.6,6,5.0,4,0,4.2,2.2,0.85,10.4,43.04
55.2,7,55.5,4,0,12.1,0.0,0.54,6.2,67.69
38.0,5,10.7,5,0,5.7,6.8,0.64,6.9,59.4
34.0,4,79.9,2,1,10.7,0.0,0.91,8.5,32.52
32.9,7,21.5,3,2,7.7,0.0,0.35,2.1,41.82
33.5,7,37.3,2,3,7.8,4.0,0.67,4.5,38.76
39.4,5,54.9,2,6,5.0,7.3,0.27,12.3,39.19
42.7,7,11.3,6,3,8.0,3.8,0.37,4.8,59.15
42.2,4,81.2,2,2,5.5,0.2,0.26,8.3,31.36
46.6,7,21.6,4,2,2.8,4.5,0.86,7.9,57.17
40.1,4,65.1,2,0,5.6,2.6,0.11,0.6,53.33
51.6,2,10.3,1,1,11.2,7.4,0.3,5.9,59.79
37.9,3,69.9,2,2,8.1,6.6,0.14,5.4,56.7
61.8,6,8.2,1,1,9.1,2.4,0.08,6.0,55.24
45.0,5,33.2,2,1,6.0,6.3,0.4,2.7,54.95
33.1,5,17.0,4,0,0.0,4.8,0.66,1.6,55.51
31.4,6,82.8,3,0,1.1,8.1,0.56,3.6,44.74
43.9,7,18.2,2,3,4.8,6.2,0.43,4.7,51.83
38.2,5,128.1,4,1,1.5,5.6,0.68,8.6,30.1
45.7,8,133.4,4,1,3.9,8.0,0.8,10.5,50.68
43.8,6,13.1,1,4,3.8,4.0,0.8,9.2,29.81
39.4,8,57.1,3,3,3.9,1.7,0.67,7.6,32.82
33.2,6,5.5,2,2,11.7,4.6,0.48,2.0,42.06
27.9,5,29.8,3,5,5.8,2.9,0.19,3.8,34.69
36.4,4,75.0,1,2,9.7,5.8,0.9,5.6,43.03
46.9,5,64.6,4,1,6.7,4.2,0.69,3.1,60.58
41.7,4,58.8,3,4,11.7,5.2,0.73,6.7,60.9
30.0,10,19.9,5,4,10.1,0.4,0.52,7.2,42.42
41.4,4,28.5,2,4,3.6,5.5,0.78,6.6,38.12
43.1,6,6.5,5,3,13.8,0.1,0.16,8.1,54.62
32.9,5,76.2,2,1,4.2,6.9,0.75,2.3,49.86
41.2,3,42.1,2,3,6.8,6.9,0.62,7.8,48.67
40.5,5,74.0,1,0,7.5,5.0,0.63,2.9,48.04
30.9,8,17.2,5,0,8.0,4.9,0.68,2.2,55.97
42.9,8,23.5,5,4,9.2,3.3,0.53,6.6,61.99
44.5,5,24.4,3,5,3.0,2.2,0.75,8.6,37.97
48.7,4,5.0,3,2,8.8,4.0,0.32,6.5,56.44
48.4,2,25.0,3,1,8.3,9.9,0.41,5.1,77.53
29.0,4,97.6,3,1,6.0,4.7,0.12,5.9,46.85
32.5,5,136.6,5,1,5.2,0.0,0.38,5.4,47.74
44.1,3,43.8,1,3,2.8,0.0,0.47,1.6,50.37
44.1,8,36.5,5,0,7.9,0.0,0.86,1.3,71.47
44.1,4,5.0,2,2,3.4,2.9,0.28,4.8,59.76
70.8,6,126.8,2,0,7.0,7.8,0.24,5.2,71.12
44.6,6,5.0,3,2,5.6,0.9,0.46,5.0,44.05
49.1,5,173.8,4,0,0.7,8.3,0.15,7.0,53.58
47.6,7,40.3,3,5,2.3,4.5,0.18,4.4,72.57
45.2,10,25.1,8,2,7.6,5.5,0.74,6.7,60.62
37.5,8,154.8,6,2,3.9,5.4,0.52,4.6,52.57
46.1,4,5.0,3,7,3.8,5.8,0.8,10.5,44.77
33.8,4,52.3,4,1,2.9,2.8,0.24,5.2,45.06
38.1,6,47.8,3,3,3.1,0.0,0.48,12.0,23.53
36.1,7,14.9,3,0,12.6,2.2,0.57,6.1,45.24
40.7,4,33.6,3,1,1.5,1.3,0.52,4.4,35.16
58.5,3,63.4,3,2,11.9,4.9,0.69,2.3,80.87
25.1,4,77.9,3,1,4.7,4.7,0.38,0.7,51.47
45.5,5,5.0,2,2,3.4,3.2,0.91,2.0,54.06
27.1,3,165.7,1,0,7.5,9.3,0.66,2.4,42.79
36.2,7,10.8,6,1,6.2,2.1,0.58,6.2,52.0
48.7,9,16.0,6,0,5.2,0.0,0.27,3.4,61.47
40.5,4,18.3,2,4,6.9,4.4,0.07,5.6,47.31
31.4,7,5.0,3,2,6.1,7.6,0.63,8.8,46.26
34.3,3,7.9,1,1,5.1,4.9,0.61,4.7,49.75
45.4,5,257.6,2,0,9.7,2.9,0.26,11.2,31.47
34.2,6,22.7,3,8,0.2,4.7,0.54,1.5,48.86
41.7,2,7.4,1,1,2.3,9.5,0.68,4.5,59.47
40.4,6,6.8,3,3,2.8,1.4,0.14,3.4,38.01
34.8,8,76.3,5,2,1.8,4.1,0.49,7.8,31.3
57.2,9,115.7,4,1,6.3,6.0,0.54,0.0,74.66
45.1,8,17.8,4,1,8.0,4.8,0.3,0.7,66.47
23.8,6,5.0,6,4,0.0,3.3,0.62,4.7,40.88
41.5,6,15.1,4,1,4.1,2.7,0.61,9.7,41.8
34.7,7,5.0,7,1,4.7,3.1,0.09,5.7,49.57
46.8,5,6.5,2,2,4.9,5.6,0.26,0.9,54.41
33.7,9,33.9,5,2,0.9,5.4,0.61,1.4,57.89
39.1,3,15.7,1,0,4.7,10.3,0.43,10.0,36.01
44.0,3,43.5,3,2,2.4,0.0,0.29,3.1,48.75
46.9,8,17.5,5,1,4.7,9.3,0.45,2.2,65.17
30.4,7,169.3,3,3,0.0,3.4,0.67,9.4,19.47
37.3,6,141.8,4,1,4.7,3.7,0.22,8.0,46.56
36.2,5,50.2,1,2,3.1,6.6,0.52,8.8,32.59
34.8,5,26.3,1,6,5.0,6.6,0.52,2.1,49.18
54.1,3,28.8,3,3,7.2,7.5,0.56,0.4,68.1
43.2,7,31.8,6,0,5.8,8.1,0.51,5.4,61.56
29.9,2,78.0,2,2,9.2,3.9,0.85,6.0,47.35
47.3,7,36.0,2,4,4.6,8.2,0.49,6.1,70.16
57.0,8,116.6,3,0,8.5,2.1,0.53,9.4,40.06
48.3,6,173.0,3,3,10.5,3.1,0.69,0.0,63.3
27.8,5,24.6,2,2,7.1,3.5,0.4,7.6,35.31
36.1,8,49.4,1,3,5.9,2.4,0.74,1.7,38.3
50.1,9,6.0,4,2,7.7,4.2,0.51,7.6,62.01
34.3,4,13.4,2,3,7.2,6.7,0.4,3.6,44.81
43.6,6,32.0,2,1,10.0,6.0,0.28,2.6,57.21
46.2,5,13.9,2,3,9.2,2.2,0.65,3.2,53.26
32.6,6,125.5,3,1,9.2,1.9,0.26,0.7,53.61
39.5,5,10.3,3,5,6.2,1.4,0.58,5.1,45.2
14.1,4,36.5,3,0,7.4,4.3,0.6,2.7,32.61
31.8,4,55.8,1,6,7.3,0.0,0.28,7.4,35.71
38.0,5,70.6,4,3,1.2,1.3,0.36,6.9,36.21
30.0,8,29.0,5,2,10.3,2.6,0.6,10.1,41.12
53.1,4,122.0,2,3,0.0,7.2,0.7,6.1,46.05
28.6,8,50.4,6,1,8.8,3.6,0.75,6.6,42.21
36.5,5,34.7,3,3,7.1,7.0,0.6,9.2,48.95
41.0,4,5.0,2,1,4.9,4.6,0.86,3.1,47.94
51.5,5,37.5,4,2,7.6,2.6,0.71,0.5,67.71
28.5,4,103.1,3,2,7.7,2.7,0.4,5.6,41.75
49.3,7,57.2,2,1,0.8,0.5,0.62,0.7,48.25
40.1,7,107.1,3,2,11.7,11.2,0.44,12.4,53.12
32.1,2,40.9,2,2,6.3,7.3,0.77,9.4,43.59
43.7,8,7.6,5,2,15.3,5.8,0.58,11.5,59.73
41.6,4,5.0,4,5,9.2,0.1,0.21,5.2,61.2
35.2,6,21.7,4,1,6.2,2.6,0.72,6.7,48.28
40.6,8,71.8,6,0,3.2,1.1,0.68,3.6,64.6
36.9,3,93.7,2,4,5.6,4.4,0.31,7.6,46.65
40.9,5,21.0,4,4,6.6,1.2,0.43,1.4,55.27
45.3,9,41.1,4,3,11.9,2.0,0.35,0.0,71.11
52.7,9,32.8,6,4,10.9,1.3,0.67,2.6,74.98
30.1,7,31.7,3,2,7.8,3.3,0.58,0.6,45.82
57.1,5,15.8,1,0,13.1,4.2,0.5,9.4,56.59
24.4,4,8.8,3,0,0.0,3.4,0.47,10.4,32.15
38.8,6,13.1,5,3,7.9,8.6,0.41,0.8,72.45
44.7,4,5.0,2,4,11.0,6.4,0.57,8.9,64.79
42.2,7,13.2,5,2,8.2,1.7,0.16,7.9,57.18
35.0,5,5.0,3,0,0.7,5.0,0.16,0.3,53.01
38.3,8,59.2,2,0,11.6,1.9,0.47,3.8,37.98
36.1,8,22.8,3,1,9.0,2.8,0.16,3.3,44.83
35.3,5,217.0,3,1,7.4,5.4,0.57,7.2,42.66
46.8,3,12.9,3,2,6.4,6.0,0.91,1.3,73.32
42.9,6,25.5,4,0,14.0,2.2,0.17,4.7,60.46
34.5,6,26.6,5,0,7.8,0.7,0.64,2.9,53.74
47.2,4,5.0,3,1,5.0,4.3,0.75,6.4,57.35
42.5,5,109.7,1,2,2.8,5.3,0.63,4.3,49.62
46.5,7,5.0,3,1,9.0,2.1,0.55,3.4,51.55
45.0,4,169.0,3,4,9.9,6.4,0.69,4.4,71.47
33.4,5,133.6,2,2,6.2,5.9,0.16,11.1,18.72
35.5,5,46.0,2,3,3.8,2.0,0.61,3.7,51.06
46.0,4,47.1,2,2,11.3,7.4,0.2,1.9,63.23
44.9,6,63.6,2,3,2.5,7.5,0.4,6.8,54.95
39.8,6,29.4,3,0,13.9,10.2,0.44,4.6,64.02
40.9,4,62.5,2,4,3.1,9.1,0.34,0.8,61.41
50.2,6,5.0,3,2,0.9,1.3,0.34,11.7,44.51
35.3,7,5.0,5,2,1.4,6.8,0.47,3.9,59.71
44.4,5,36.7,5,1,1.6,6.6,0.25,3.9,60.08
38.4,3,47.9,3,2,5.1,3.0,0.32,5.5,53.67
38.3,8,131.3,3,1,4.1,5.4,0.18,10.2,28.48
48.8,8,6.6,3,1,10.1,0.0,0.51,0.0,60.71
46.6,5,103.8,1,0,9.5,0.0,0.56,5.8,48.0
46.5,5,14.1,2,3,5.1,0.0,0.19,11.3,42.57
50.4,4,30.1,1,5,18.4,5.2,0.24,5.4,64.31
40.2,5,22.8,2,2,5.1,5.3,0.47,1.3,51.74
45.5,6,30.7,2,1,5.6,3.2,0.38,3.1,56.76
37.5,5,9.8,4,0,0.9,9.2,0.93,5.6,52.46
42.6,4,42.0,3,1,5.7,7.0,0.57,9.0,61.42
39.0,6,97.1,3,2,7.2,0.0,0.69,4.0,45.53
40.8,7,35.0,4,0,1.3,3.5,0.43,7.5,35.31
44.8,5,40.5,2,2,4.0,1.2,0.55,0.7,45.99
33.5,6,113.3,7,1,7.3,5.2,0.34,0.7,65.29
56.7,6,73.5,3,1,3.9,3.9,0.04,3.6,61.66
32.0,8,40.5,5,5,3.1,1.4,0.82,9.3,51.4
30.3,9,17.9,3,0,9.1,9.1,0.91,5.2,42.36
49.3,5,129.7,1,2,0.9,4.2,0.86,5.9,47.01
46.3,8,51.6,4,0,1.6,2.8,0.75,5.8,45.01
45.0,4,15.0,2,0,6.7,3.2,0.04,8.3,40.81
45.0,4,18.8,2,0,9.4,8.9,0.64,3.2,73.44
39.9,8,97.5,3,3,7.2,6.7,0.08,7.1,38.96
32.8,4,5.0,2,4,5.1,3.5,0.59,2.5,50.28
40.6,4,290.4,4,4,4.8,1.0,0.77,10.9,41.46
34.6,7,8.4,3,1,10.0,1.5,0.67,2.6,48.38
47.8,8,95.4,5,2,9.4,2.6,0.73,2.4,69.04
38.8,4,30.1,1,2,6.2,5.5,0.25,6.6,34.81
33.4,4,40.7,3,1,4.9,6.3,0.16,5.2,55.63
37.4,4,127.5,3,3,6.1,1.8,0.1,6.0,53.44
43.3,7,32.0,3,3,3.1,6.4,0.31,5.7,51.48
35.5,5,46.3,4,2,5.4,1.3,0.23,1.7,64.86
33.4,5,5.0,4,1,4.0,2.2,0.59,9.8,36.26
41.9,3,5.0,1,3,5.6,0.0,0.61,7.7,41.69
42.0,6,16.8,3,0,4.2,0.0,0.21,9.1,45.75
35.9,5,68.5,3,3,8.1,1.2,0.26,3.4,43.49
36.2,7,7.8,4,2,9.3,3.9,0.61,6.2,42.25
41.9,9,7.2,4,1,4.5,1.0,0.19,5.6,35.5
28.4,6,31.8,2,3,2.8,8.5,0.76,8.4,49.17
28.7,5,62.6,2,3,8.8,1.2,0.24,8.5,26.14
34.3,5,74.7,3,2,6.7,4.6,0.71,5.6,45.42
38.3,4,11.8,2,3,4.5,8.0,0.7,0.4,52.89
42.5,6,5.0,3,2,11.5,4.3,0.4,10.3,53.16
51.8,8,169.2,6,1,3.7,2.9,0.56,6.7,55.61
46.9,5,18.1,5,3,0.0,4.4,0.79,3.2,62.55
38.7,7,115.2,4,1,3.2,2.3,0.64,6.2,46.16
39.8,6,119.5,5,2,12.5,1.0,0.47,0.5,55.9
32.0,5,88.8,1,2,4.7,5.8,0.65,8.2,32.15
39.9,4,11.1,1,4,3.9,2.3,0.16,0.6,55.7
37.7,5,103.5,1,1,6.1,6.8,0.56,4.3,47.25
42.6,4,88.0,2,1,10.0,6.4,0.45,5.7,53.52
33.4,4,54.5,3,2,5.7,4.5,0.18,8.1,41.05
44.2,4,24.7,2,3,8.4,6.9,0.81,5.3,55.92
52.3,5,18.3,2,1,5.2,2.4,0.65,6.9,64.47
39.1,3,7.8,1,1,8.4,6.4,0.43,4.9,44.08
43.2,6,42.8,4,2,6.7,6.3,0.64,4.9,61.34
45.5,10,52.8,4,1,4.4,3.1,0.73,5.3,52.87
36.8,6,26.7,3,2,7.0,2.7,0.09,4.4,51.21
41.8,4,38.7,3,2,3.8,5.0,0.46,0.0,67.08
40.1,5,27.1,2,1,0.5,9.9,0.86,2.7,56.06
40.8,4,61.5,1,1,5.9,3.3,0.78,5.7,45.28
33.8,7,138.9,2,2,0.8,2.6,0.27,4.3,35.13
40.2,6,10.7,1,1,8.4,7.5,0.37,4.5,35.14
44.0,7,28.8,5,2,5.9,4.2,0.62,4.0,52.23
51.6,6,9.1,3,2,11.7,6.6,0.68,2.4,67.92
47.7,7,58.8,2,3,4.7,8.4,0.91,3.5,57.21
57.2,6,78.3,6,3,5.9,0.0,0.3,4.1,62.51
33.9,4,161.2,2,2,0.1,3.9,0.63,5.0,41.81
47.0,5,19.6,3,4,1.6,3.3,0.67,6.2,53.09
41.5,6,180.0,4,4,0.0,1.1,0.38,4.5,44.1
57.5,5,5.0,2,1,10.3,0.0,0.79,1.9,58.2
33.5,4,55.4,2,3,4.2,0.0,0.46,0.8,42.69
33.3,6,5.0,3,1,11.3,4.3,0.66,12.8,21.18
35.2,4,134.5,2,0,0.0,2.4,0.83,1.6,41.51
23.0,6,45.3,2,3,12.2,1.6,0.61,3.4,36.63
35.8,5,66.4,3,3,5.7,4.3,0.69,6.6,47.26
33.9,5,106.9,1,0,7.4,1.9,0.07,6.1,21.23
41.2,6,9.8,4,0,1.7,7.9,0.27,6.6,54.01
42.7,6,5.0,2,4,8.1,2.1,0.6,3.7,45.22
55.0,4,126.7,2,1,4.5,8.5,0.47,5.7,56.63
47.6,3,22.7,2,4,1.2,3.9,0.7,5.2,58.32
35.4,8,8.3,4,2,1.2,2.0,0.29,4.1,55.39
32.8,10,37.9,4,2,1.1,1.8,0.23,5.7,35.79
43.9,7,54.7,2,3,7.5,8.5,0.11,8.2,43.29
29.4,4,5.0,3,2,3.5,6.1,0.85,4.9,47.63
54.7,4,19.3,3,2,0.0,1.7,0.79,5.0,64.71
49.4,7,5.0,3,0,7.5,4.4,0.24,8.2,55.23
36.2,5,32.7,2,3,0.0,0.0,0.53,7.9,48.02
26.3,4,135.3,3,2,11.3,0.0,0.48,9.8,24.95
50.8,5,243.3,3,2,13.9,1.7,0.3,0.0,65.69
39.1,2,60.8,1,1,0.8,1.7,0.27,7.7,42.45
49.9,5,10.6,4,1,10.2,7.6,0.34,6.8,75.0
27.2,4,141.8,2,1,7.4,0.0,0.78,2.3,24.71
35.2,6,43.6,5,3,4.0,0.0,0.82,5.8,47.6
40.0,5,10.0,4,1,4.2,5.4,0.8,8.2,60.6
40.4,8,152.9,5,4,8.6,4.7,0.53,2.5,77.65
36.4,7,85.0,4,2,5.8,3.0,0.27,6.3,48.1
45.0,3,78.9,1,1,0.0,10.2,0.52,7.6,45.92
31.5,5,74.1,3,1,14.3,5.9,0.83,1.8,50.52
38.9,6,13.4,3,3,7.7,7.7,0.72,4.6,70.45
41.0,4,14.2,2,2,5.8,3.8,0.17,5.9,50.23
44.1,3,69.9,2,0,3.1,2.4,0.5,2.6,45.64
45.7,5,14.9,2,3,5.2,2.4,0.19,2.4,51.47
31.0,9,34.6,5,1,11.1,6.8,0.68,4.6,56.41
27.7,7,91.4,2,0,7.0,6.3,0.31,7.4,35.29
50.2,6,91.9,3,6,7.5,3.3,0.35,6.9,49.65
42.7,5,36.2,1,1,1.0,5.4,0.66,2.4,45.1
34.0,5,94.3,2,4,4.6,6.9,0.06,7.0,29.29
52.4,9,109.4,5,3,6.2,2.3,0.34,2.5,70.67
40.9,4,63.8,1,3,8.8,3.0,0.23,0.2,49.49
49.4,4,15.6,3,3,4.3,5.3,0.35,3.9,64.57
40.5,5,19.2,1,3,9.7,0.0,0.61,8.4,45.98
56.5,4,22.7,4,1,1.4,5.4,0.72,7.0,67.0
54.0,4,7.5,3,0,6.3,0.6,0.84,5.0,60.02
38.0,5,19.1,3,1,5.6,6.8,0.56,3.7,55.68
47.8,5,14.1,3,1,0.0,10.4,0.66,3.8,64.41
45.2,5,36.5,2,0,5.8,1.9,0.34,5.3,53.97
50.9,7,143.4,3,1,3.7,0.0,0.05,1.8,53.37
32.3,5,6.6,3,3,11.7,3.5,0.48,4.0,46.45
45.5,6,76.4,4,0,4.4,3.2,0.53,4.4,61.7
48.5,7,69.7,4,0,7.4,6.0,0.4,0.9,74.37
25.9,1,6.0,2,2,1.1,4.7,0.55,2.5,33.78
30.5,5,153.5,4,1,6.9,3.1,0.48,6.2,50.36
23.7,7,50.4,4,4,4.3,4.3,0.36,5.0,40.28
37.8,6,27.1,5,0,2.9,0.6,0.6,4.1,52.16
45.7,5,84.8,1,2,17.3,6.5,0.68,2.3,68.51
52.0,5,17.9,2,4,4.6,8.9,0.66,9.7,53.44
40.6,6,71.0,1,2,5.2,0.4,0.55,2.5,47.26
53.0,3,5.0,2,4,9.6,0.0,0.49,5.8,54.99
29.0,3,109.7,1,1,2.9,2.8,0.19,3.5,22.8
26.4,4,35.7,3,2,7.6,0.3,0.53,5.1,30.89
39.6,8,60.8,6,0,8.0,0.2,0.69,6.4,55.85
43.1,6,15.0,1,2,7.0,0.0,0.31,0.9,40.89
39.7,9,67.8,7,2,15.2,3.4,0.7,5.0,76.23
23.5,3,88.8,1,4,2.8,2.8,0.36,8.6,28.88
39.3,7,38.5,5,1,12.2,5.1,0.92,10.3,62.22
29.6,5,57.7,3,5,7.9,2.3,0.3,4.6,42.31
45.4,6,36.6,4,1,9.6,0.4,0.28,5.1,55.34
42.9,5,134.7,2,0,7.4,3.9,0.75,11.6,31.36
32.5,9,41.3,5,3,13.5,0.8,0.37,8.4,49.09
35.9,4,110.6,3,1,4.7,5.5,0.83,3.1,54.23
31.5,5,97.0,2,3,8.0,0.0,0.61,3.1,42.4
39.5,3,31.7,1,4,11.2,0.0,0.77,7.9,51.23
47.6,6,15.7,4,0,3.8,0.0,0.33,2.0,53.13
32.1,8,31.3,5,1,10.0,2.7,0.44,8.3,43.15
44.0,6,105.0,3,2,5.9,3.1,0.52,6.0,51.1
35.8,8,15.5,5,1,1.1,4.4,0.7,6.6,42.14
33.7,6,44.6,4,4,0.2,2.3,0.1,4.2,41.16
39.1,6,98.4,3,1,5.6,1.5,0.74,3.1,51.13
31.7,8,26.2,6,4,10.0,8.3,0.53,9.4,52.12
35.6,7,61.7,2,0,0.0,7.5,0.64,4.3,50.62
30.4,5,16.9,3,0,6.8,7.0,0.42,3.8,38.95
55.7,4,6.9,3,2,9.6,4.9,0.8,4.8,77.16
40.3,3,94.9,2,4,0.9,5.2,0.18,5.6,48.51
34.4,4,6.3,1,4,3.5,1.6,0.63,1.9,38.74
41.7,5,19.0,4,1,8.3,4.4,0.84,3.3,56.43
39.1,5,115.9,4,3,9.4,1.2,0.24,3.1,40.02
38.2,5,25.5,4,1,12.4,0.8,0.09,7.5,41.95
44.9,5,216.8,3,1,3.7,0.0,0.79,2.3,56.13
46.1,7,233.9,4,1,2.7,5.2,0.73,0.0,61.01
35.8,5,18.7,4,2,12.6,4.5,0.41,0.0,70.09
35.4,3,5.0,1,3,3.0,3.1,0.5,0.6,42.75
37.8,4,73.3,2,3,8.0,2.7,0.61,9.1,44.01
21.6,6,36.0,5,0,14.7,0.0,0.75,5.0,38.36
27.9,5,6.4,2,0,9.0,4.8,0.59,6.5,32.08
50.9,7,73.8,3,0,9.1,3.1,0.27,6.6,52.71
53.2,8,5.0,4,1,11.1,6.7,0.25,5.2,63.56
38.0,5,122.5,2,2,8.1,4.4,0.78,4.8,38.07
44.6,6,9.0,2,3,9.2,6.1,0.16,8.1,47.85
42.5,8,8.2,5,2,4.6,4.0,0.71,5.4,57.91
64.6,7,11.6,6,3,10.6,4.5,0.36,9.2,84.63
49.0,7,193.5,2,3,7.7,6.8,0.07,6.9,54.82
39.0,4,70.9,2,4,0.1,3.4,0.65,3.1,53.9
32.4,7,97.0,6,2,7.0,5.4,0.53,3.5,61.24
27.1,3,30.4,1,1,0.0,2.7,0.52,2.8,34.6
41.6,4,24.6,3,2,8.9,3.6,0.36,8.7,40.76
33.9,7,16.0,2,2,5.1,8.8,0.9,3.8,50.86
28.6,5,39.3,3,2,13.6,5.9,0.5,2.6,55.65
34.8,4,48.2,3,1,8.0,2.4,0.44,6.0,52.9
31.3,4,59.9,2,1,9.7,5.3,0.37,4.7,47.77
53.5,6,17.8,4,0,1.8,0.2,0.25,5.9,61.49
47.1,9,178.2,4,0,8.7,3.3,0.62,10.7,39.23
39.9,5,11.2,4,2,3.4,1.1,0.4,7.7,42.95
51.8,6,202.3,2,1,10.4,5.4,0.02,5.1,56.47
40.6,6,5.0,1,7,1.5,3.4,0.31,0.8,54.83
33.1,7,39.4,3,1,6.4,4.9,0.75,3.5,46.79
52.2,7,24.3,2,1,1.4,6.3,0.68,7.1,52.28
44.3,7,35.8,5,1,6.5,2.6,0.3,1.5,66.36
31.7,8,50.7,5,2,14.1,2.7,0.74,11.4,35.99
38.5,6,34.3,2,4,8.9,3.9,0.8,5.0,58.55
33.0,7,32.2,1,2,5.9,1.4,0.85,5.1,29.02
28.9,6,79.2,3,1,0.0,4.0,0.76,3.0,28.56
47.4,6,69.5,3,1,3.9,4.1,0.44,6.5,51.1
55.3,10,107.5,5,1,7.9,4.7,0.62,1.5,82.18
28.8,5,17.3,2,0,4.0,5.3,0.58,11.5,31.65
44.5,6,56.4,2,4,11.7,0.0,0.82,9.0,48.93
34.8,3,52.8,3,1,6.3,0.1,0.58,8.0,39.07
36.1,10,27.7,7,3,10.3,0.5,0.18,0.8,60.1
35.3,4,39.9,2,3,6.8,4.3,0.09,5.6,32.99
33.1,5,22.6,1,3,4.9,3.1,0.72,8.6,18.75
40.4,7,9.2,2,2,4.1,0.0,0.43,6.8,38.1
33.4,3,14.4,2,2,2.0,9.8,0.54,2.0,61.38
42.2,0,6.7,1,3,10.4,0.0,0.21,3.0,52.31
39.6,4,68.9,2,2,4.3,4.1,0.1,3.6,49.85
38.1,5,64.9,2,0,8.1,5.7,0.64,3.2,60.51
32.7,5,180.5,5,3,3.9,1.8,0.82,9.6,41.94
35.4,7,78.5,7,2,1.7,5.9,0.5,0.0,65.3
46.0,4,5.0,2,4,8.2,1.0,0.64,7.0,44.87
44.0,4,129.4,2,2,3.0,4.5,0.45,1.1,66.08
32.2,7,119.1,2,1,4.4,0.0,0.73,2.1,39.59
40.8,3,35.1,3,3,1.0,7.5,0.69,0.0,57.97
46.0,3,52.9,1,2,4.0,4.0,0.73,3.4,45.46
26.6,6,224.0,6,2,6.1,0.0,0.56,9.5,41.68
44.3,6,45.6,3,0,4.9,5.9,0.32,5.8,45.6
34.7,4,141.4,3,0,9.3,8.9,0.48,1.4,68.92
44.6,4,5.2,2,4,6.6,1.2,0.68,8.1,29.85
33.9,4,12.7,2,1,18.3,3.4,0.55,8.7,53.04
25.6,5,34.9,2,2,7.7,2.5,0.35,5.3,36.08
27.0,10,52.7,7,1,0.0,1.7,0.64,11.1,34.45
40.4,5,101.6,3,1,5.1,1.4,0.36,7.5,39.95
42.1,5,266.7,2,1,5.5,2.1,0.4,7.0,48.62
32.8,3,29.5,1,2,3.5,2.2,0.71,2.6,44.89
45.1,7,5.0,5,3,6.3,2.9,0.78,6.9,53.31
26.7,4,96.9,1,2,3.4,2.7,0.26,5.7,16.5
39.5,8,55.6,5,1,7.3,6.3,0.66,6.6,57.01
30.3,4,13.3,2,1,0.0,6.0,0.34,2.9,41.26
34.8,6,41.0,4,2,10.6,0.0,0.45,5.4,36.89
40.4,6,81.4,3,1,0.0,2.2,0.1,2.5,44.25
33.1,5,88.3,3,3,4.9,7.8,0.83,0.0,54.34
36.9,5,41.5,4,2,3.1,4.9,0.85,8.0,48.18
48.1,4,21.8,2,1,7.2,5.0,0.87,0.5,69.74
35.4,3,218.4,2,3,5.3,4.7,0.7,5.3,51.77
46.7,5,65.3,2,3,7.0,3.2,0.35,6.0,55.24
31.0,7,31.5,3,4,10.4,3.9,0.49,6.0,39.03
44.2,5,19.7,2,0,9.1,2.8,0.23,4.2,52.66
51.5,6,78.8,2,4,6.1,6.6,0.74,5.8,59.26
20.2,7,16.6,2,2,7.8,2.8,0.56,6.4,19.18
33.6,7,11.3,4,2,13.8,3.7,0.53,7.2,51.29
44.6,10,45.3,7,0,9.2,6.2,0.64,10.2,71.81
38.4,8,20.5,3,1,4.8,3.0,0.35,5.7,42.91
43.0,3,59.5,1,4,11.1,3.8,0.35,5.2,40.43
35.2,0,7.5,1,2,7.6,2.9,0.3,2.3,47.72
40.7,6,63.8,4,3,2.1,3.7,0.46,6.3,41.57
38.8,8,20.0,4,2,5.3,3.0,0.4,7.0,50.79
49.3,8,5.0,5,7,0.1,2.4,0.4,4.4,63.43
42.0,6,8.1,3,2,0.0,1.9,0.65,6.6,42.94
42.7,3,162.7,1,3,2.2,3.5,0.8,4.1,43.32
36.7,8,121.2,3,0,6.5,7.1,0.76,7.0,43.66
36.1,6,16.0,4,2,6.5,5.9,0.7,7.7,50.09
36.5,9,90.4,3,3,0.4,0.0,0.45,7.7,26.01
43.2,5,56.3,2,3,0.0,2.7,0.62,5.4,36.15
36.6,7,212.2,3,3,11.9,2.1,0.34,1.9,54.99
42.3,5,28.1,3,3,6.4,0.0,0.84,3.2,50.76
56.6,5,68.6,2,1,12.2,4.8,0.46,6.8,62.58
47.0,3,5.0,2,2,12.0,3.7,0.79,12.3,50.53
37.4,7,30.3,5,2,8.9,10.1,0.61,4.0,67.42
49.6,4,199.2,3,1,6.2,3.0,0.47,6.4,45.37
36.7,5,46.5,5,1,4.4,1.7,0.61,3.3,43.82
23.7,4,20.4,2,3,8.9,1.4,0.82,2.1,36.54
31.9,4,7.7,2,4,5.4,2.6,0.34,3.0,45.44
25.0,8,72.9,4,1,3.6,5.8,0.43,0.0,41.8
37.2,5,62.1,3,0,0.0,6.1,0.22,9.1,36.14
40.1,7,28.1,2,2,5.7,12.8,0.8,0.0,78.2
53.4,4,180.9,2,1,10.4,0.4,0.31,4.2,43.11
42.6,8,5.0,2,2,11.0,4.3,0.87,1.5,53.36
38.2,5,21.7,2,3,6.2,1.9,0.85,2.3,61.25
46.6,3,152.4,1,2,2.4,5.1,0.29,9.1,39.83
22.3,6,23.2,4,0,9.6,8.1,0.33,5.6,39.57
41.9,6,17.4,5,1,5.9,6.6,0.76,2.1,74.48
46.2,4,45.8,2,1,4.5,0.4,0.54,3.2,50.4
28.2,9,104.2,4,0,0.2,6.1,0.03,2.7,36.66
49.2,5,6.5,1,4,14.4,0.0,0.47,4.9,53.93
42.7,8,171.9,4,1,9.0,0.0,0.5,5.5,42.69
36.7,5,95.1,2,2,9.4,3.3,0.7,10.7,30.48
45.1,4,12.0,3,0,2.5,5.8,0.24,0.0,61.32
58.2,5,74.7,4,4,6.3,5.0,0.94,4.9,67.13
41.5,7,29.2,3,0,5.7,9.7,0.71,4.1,58.84
42.0,3,30.9,2,1,9.1,4.3,0.95,7.8,52.68
36.3,8,91.8,2,2,11.4,3.7,0.62,6.1,47.21
33.2,5,197.5,3,3,0.3,7.5,0.04,6.8,44.61
46.6,5,8.1,2,1,1.7,2.9,0.47,6.0,44.54
33.2,6,32.7,3,2,8.6,5.2,0.58,2.2,54.96
40.6,5,39.3,3,4,4.0,5.3,0.14,8.6,47.83
36.2,8,28.3,4,6,9.3,1.1,0.13,7.4,44.97
43.8,7,27.1,6,0,4.5,5.2,0.68,7.7,56.49
42.7,3,5.0,3,1,1.0,10.6,0.19,8.8,46.41
48.3,5,69.4,3,1,0.0,7.4,0.73,6.3,59.2
35.9,8,34.4,2,2,7.9,1.5,0.51,9.4,22.04
37.8,7,13.0,5,0,8.0,11.0,0.71,6.1,61.56
32.2,4,101.6,3,3,9.9,6.1,0.53,4.3,35.06
36.4,5,97.3,3,5,7.3,5.3,0.64,5.0,42.89
43.0,4,40.0,1,1,0.0,3.7,0.21,4.9,35.73
46.1,5,21.3,2,4,8.0,6.0,0.71,3.4,67.08
32.6,6,61.0,2,2,0.2,4.3,0.93,9.9,35.23
47.0,6,20.4,2,2,0.0,4.1,0.66,5.9,44.75
50.8,6,16.2,3,3,0.0,3.6,0.13,5.3,57.4
43.3,8,78.7,4,2,0.0,6.9,0.32,6.2,55.88
55.0,3,5.0,4,4,7.1,6.6,0.76,13.9,60.43
33.8,10,6.0,5,2,3.1,3.6,0.69,1.6,44.36
30.0,6,5.0,4,7,0.0,0.0,0.8,2.5,43.44
25.8,7,10.0,2,1,6.1,4.1,0.31,0.9,38.67
52.0,4,5.0,4,2,1.6,1.8,0.24,4.3,52.67
45.2,4,328.4,2,3,9.9,2.6,0.27,5.7,47.32
39.6,7,20.4,3,1,11.8,3.6,0.4,3.6,54.86
42.2,2,9.7,1,1,5.1,0.8,0.43,3.4,48.62
31.0,4,16.5,2,3,11.5,0.0,0.86,5.4,42.76
59.6,3,165.1,2,2,11.5,4.9,0.5,3.5,73.53
41.0,7,44.1,5,1,6.3,4.1,0.58,5.9,54.54
40.9,4,27.2,2,4,12.9,4.0,0.82,8.3,51.71
45.8,6,124.0,3,2,3.5,5.5,0.59,7.0,48.06
43.8,7,30.2,3,1,0.0,2.0,0.56,7.6,38.34
41.8,3,24.5,2,2,0.0,5.0,0.16,8.3,49.44
33.7,8,13.9,4,3,3.3,8.0,0.51,5.8,36.97
43.8,8,28.5,5,1,8.1,3.2,0.84,4.5,66.1
55.1,4,22.8,1,0,1.4,9.7,0.48,2.7,60.19
50.8,5,67.9,3,1,3.3,4.1,0.31,3.8,53.35
52.7,6,20.5,3,0,1.0,1.4,0.39,3.4,56.96
35.9,9,51.7,6,1,3.4,6.5,0.62,7.2,43.54
32.1,5,5.0,3,2,11.4,3.7,0.6,6.0,41.76
39.0,4,12.7,3,1,7.4,7.2,0.57,7.1,47.69
40.4,8,31.4,5,4,3.7,5.2,0.61,1.5,61.15
48.8,2,165.8,2,1,10.9,3.0,0.78,9.3,45.79
26.5,8,28.4,5,2,6.1,8.6,0.41,3.7,60.95
52.2,8,65.5,4,0,6.5,2.5,0.8,1.7,76.09
38.7,11,17.7,7,0,10.6,0.0,0.62,3.7,46.47
36.6,5,8.2,1,5,4.6,6.6,0.53,12.5,36.87
31.9,6,5.0,4,0,9.7,5.0,0.48,3.8,56.93
26.8,4,21.9,2,0,9.4,7.9,0.21,4.0,46.72
46.6,5,10.3,2,1,5.4,1.4,0.84,4.4,47.71
40.6,6,11.5,3,0,0.4,3.3,0.35,4.6,44.03
29.7,7,85.8,3,1,6.1,2.9,0.46,2.7,36.54
29.6,4,5.0,2,1,10.5,6.8,0.54,5.4,43.04
37.3,6,49.0,3,3,9.3,6.0,0.43,8.2,39.54
53.4,4,28.6,4,1,12.8,4.6,0.62,5.9,69.49
37.9,4,42.4,3,1,4.0,4.7,0.85,1.7,46.95
28.0,6,49.6,3,3,9.1,0.5,0.95,4.0,40.42
38.0,8,22.6,5,2,2.0,6.3,0.94,3.3,51.5
37.8,5,21.0,2,3,6.8,6.4,0.44,5.2,50.14
18.4,6,79.3,1,1,10.4,10.9,0.43,9.0,24.16
39.6,6,123.0,4,0,9.6,5.4,1.0,4.6,59.38
38.2,6,12.8,3,0,6.4,5.9,0.21,4.7,55.93
45.6,8,6.2,6,1,4.9,5.4,0.38,10.3,65.31
54.8,8,136.8,4,6,2.0,1.9,0.16,7.6,37.26
49.0,10,25.8,8,0,5.1,7.7,0.17,6.7,65.59
37.8,6,48.1,2,5,0.8,3.8,0.66,10.9,31.9
31.1,5,26.7,5,1,4.6,3.4,0.28,6.5,48.2
60.6,4,8.1,2,3,0.0,3.6,0.83,0.0,61.22
40.5,6,53.4,3,3,0.7,3.8,0.32,7.5,36.05
40.1,7,44.7,5,2,9.4,2.5,0.33,0.2,63.55
39.8,9,13.6,3,2,9.0,4.6,0.77,6.4,49.73
41.6,6,36.1,1,2,4.8,3.7,0.72,0.0,53.95
38.8,6,95.7,3,2,6.3,3.5,0.22,3.6,50.46
35.4,4,53.6,3,4,6.8,5.5,0.58,3.9,54.77
35.6,5,6.1,1,2,7.8,4.2,0.69,2.7,47.64
39.7,4,47.6,2,1,7.4,2.3,0.63,4.0,48.61
35.7,8,72.8,4,2,0.7,1.7,0.38,8.1,39.68
34.3,3,94.4,1,3,0.0,4.3,0.61,2.9,26.99
40.9,6,59.5,2,3,1.9,1.8,0.71,6.6,49.35
38.0,4,9.9,2,1,5.4,1.5,0.46,2.1,34.11
52.0,6,74.3,3,3,9.8,1.6,0.5,4.4,53.12
18.8,7,67.9,1,3,6.9,4.8,0.82,6.0,24.28
48.7,2,5.0,1,1,8.1,7.6,0.3,2.0,67.07
50.0,4,31.8,1,1,2.4,5.0,0.11,1.1,37.49
23.4,6,24.3,4,0,5.7,6.7,0.27,6.5,38.64
37.3,5,66.4,4,1,6.3,3.8,0.64,8.4,51.19
37.0,5,14.6,1,2,3.0,4.4,0.45,4.8,46.25
28.7,7,53.6,3,4,1.7,9.0,0.08,3.6,39.32
33.8,8,146.7,4,3,5.1,6.5,0.48,5.5,44.42
31.1,9,95.9,6,1,8.6,6.8,0.37,5.2,49.32
54.0,6,152.6,4,3,2.4,3.2,0.18,5.7,54.6
47.5,5,230.4,2,4,5.2,4.0,0.51,0.0,51.13
50.2,6,5.0,4,2,11.4,5.2,0.84,1.8,68.59
45.8,5,58.5,3,3,3.9,2.2,0.58,2.5,58.82
31.0,4,31.9,1,1,6.0,0.0,0.27,5.5,30.69
35.8,6,117.9,3,0,5.6,5.2,0.37,5.6,46.44
43.9,6,17.4,5,1,5.2,6.9,0.27,6.9,60.44
30.2,3,237.9,4,1,12.7,4.2,0.66,5.8,51.76
45.7,6,57.1,3,3,7.2,2.2,0.87,1.1,66.22
38.1,9,94.7,4,1,0.0,3.0,0.48,9.3,25.21
37.0,8,5.4,4,4,12.1,0.0,0.62,8.8,38.99
45.7,4,12.2,2,4,7.1,3.0,0.65,1.2,58.69
43.6,3,85.2,2,1,4.5,0.7,0.8,6.0,45.3
37.1,5,5.0,6,1,11.4,1.9,0.61,3.2,59.41
49.3,5,101.9,3,1,2.9,0.5,0.82,5.4,56.81
31.4,7,5.0,5,3,12.9,0.2,0.18,8.2,54.85
44.9,7,64.2,5,3,6.4,1.0,0.7,11.4,48.77
44.7,7,27.3,3,2,10.0,5.9,0.71,7.3,55.86
37.5,5,56.7,3,2,18.3,2.5,0.37,5.9,57.01
42.6,6,71.4,4,4,6.7,0.7,0.4,4.0,41.82
30.0,7,25.2,5,1,5.6,6.3,0.75,5.5,50.8
47.4,5,6.9,2,2,1.7,4.4,0.76,9.1,52.57
38.5,6,5.0,3,2,5.5,0.0,0.45,4.9,40.08
35.8,7,53.3,2,2,1.9,7.0,0.23,2.3,37.96
48.4,10,44.1,7,3,5.3,4.2,0.66,0.1,74.65
34.4,6,81.3,3,2,17.6,6.3,0.29,6.5,50.4
28.7,4,42.8,3,1,6.5,3.3,0.69,5.7,35.68
27.5,5,32.9,2,3,3.8,8.8,0.29,3.1,56.42
44.8,7,30.5,5,2,5.2,2.9,0.69,8.1,51.62
29.8,6,5.0,3,2,4.4,0.0,0.26,3.7,29.82
54.0,7,24.5,4,4,10.2,1.3,0.59,4.6,64.88
23.3,3,223.8,2,0,5.6,5.5,0.54,5.0,37.96
53.6,10,124.1,5,5,12.4,4.5,0.18,3.9,68.53
41.7,4,24.0,5,1,4.7,3.6,0.42,5.7,60.26
39.2,5,53.2,1,1,5.0,1.0,0.68,8.5,28.21
35.6,9,112.8,9,2,2.4,4.1,0.48,1.6,75.39
43.2,7,34.9,4,1,4.5,4.0,0.11,6.5,52.83
39.7,7,5.0,3,1,0.0,3.9,0.83,5.5,52.25
48.8,4,5.0,4,0,0.0,5.6,0.43,5.5,61.74
40.9,4,42.8,1,1,8.5,4.5,0.21,7.6,46.3
41.2,5,209.3,3,1,0.0,3.2,0.89,5.1,39.63
37.1,4,70.9,3,1,7.6,1.0,0.2,6.4,38.69
39.5,5,5.0,2,1,4.0,8.1,0.6,7.1,56.06
42.5,5,12.6,4,0,9.8,9.9,0.53,3.5,77.51
26.3,6,88.5,3,3,0.0,9.2,0.35,5.9,31.61
29.2,6,110.5,3,1,8.4,6.1,0.23,4.2,44.32
45.9,6,57.7,3,2,7.3,0.0,0.76,4.6,49.49
41.4,5,62.0,4,1,7.5,0.0,0.42,4.0,47.36
38.5,6,5.0,4,1,10.5,2.4,0.61,6.4,53.25
40.1,6,105.8,4,1,6.3,3.8,0.06,5.2,55.83
42.8,6,93.1,2,1,0.0,3.7,0.68,6.2,44.66
35.7,9,18.0,3,4,7.8,4.6,0.77,4.9,46.04
33.8,6,74.0,4,5,7.3,0.0,0.66,0.2,55.91
41.6,2,14.5,1,1,5.0,8.8,0.26,5.1,49.43
32.2,7,5.0,4,0,2.6,8.5,0.45,5.2,51.26
43.3,6,13.5,2,3,4.6,0.1,0.57,5.7,51.61
26.4,4,11.8,2,4,11.8,0.0,0.41,3.2,26.66
48.2,6,24.7,1,4,2.3,3.7,0.39,1.4,57.56
43.8,7,32.5,3,4,0.0,7.8,0.78,6.9,43.16
42.0,6,42.6,4,3,0.1,3.9,0.35,4.2,59.47
47.9,6,38.9,3,2,5.9,4.8,0.79,5.5,53.97
53.3,8,18.9,5,0,12.7,2.7,0.4,4.2,61.6
48.1,4,5.0,2,3,14.8,4.4,0.56,5.0,66.25
25.3,4,55.7,3,3,8.6,6.8,0.8,3.7,50.44
29.8,5,30.2,2,2,2.1,5.2,0.25,2.1,35.12
35.0,6,21.3,3,1,2.5,5.7,0.33,6.4,34.94
40.2,6,121.0,5,2,9.5,0.0,0.39,3.2,53.75
44.1,4,82.4,1,1,11.3,10.4,0.46,5.5,49.48
34.2,6,117.0,4,0,3.4,0.0,0.86,6.2,33.17
41.5,5,41.0,2,4,11.7,4.5,0.14,3.2,54.73
34.0,7,8.4,3,1,5.1,3.5,0.45,1.4,42.46
35.1,3,71.5,2,4,8.9,3.7,0.41,12.3,37.26
28.7,6,13.8,3,2,10.6,6.6,0.67,3.4,59.29
32.6,9,34.9,4,1,0.1,1.9,0.42,6.9,33.67
29.2,6,5.0,4,3,7.8,2.7,0.25,10.8,35.56
32.2,4,104.7,2,2,11.7,0.6,0.49,7.4,47.87
48.4,5,8.1,2,1,3.8,7.4,0.28,4.1,50.1
32.4,6,140.0,4,0,1.8,4.8,0.75,4.8,51.31
61.1,9,119.8,6,0,8.0,5.9,0.88,2.5,88.32
43.9,3,37.5,2,4,6.5,6.4,0.64,7.6,58.12
41.5,6,81.8,4,4,4.7,10.0,0.2,6.7,64.63
33.1,7,58.0,2,3,6.0,9.5,0.23,3.5,48.99
45.6,5,97.5,2,1,0.0,5.0,0.46,1.9,48.65
35.4,9,33.9,3,1,7.6,4.5,0.82,1.0,58.75
41.0,3,92.5,1,4,12.4,2.4,0.22,8.0,48.58
60.5,6,37.2,3,1,3.1,6.2,0.17,5.4,71.53
39.2,5,169.8,3,3,2.7,6.1,0.67,5.6,48.46
49.2,4,40.0,2,1,6.7,1.8,0.83,2.5,54.04
34.4,4,37.3,5,3,17.4,6.2,0.7,0.6,73.26
39.7,10,92.2,6,2,10.4,7.0,0.49,7.9,63.11
54.2,6,103.4,3,2,5.6,0.6,0.3,5.1,60.61
35.0,2,48.5,2,3,6.2,4.6,0.59,7.7,40.41
54.5,6,11.9,3,3,10.8,3.8,0.4,3.8,68.53
45.7,6,37.8,4,2,2.4,4.0,0.43,4.3,48.61
35.5,5,206.7,1,1,8.4,1.1,0.22,7.1,35.03
45.1,4,83.9,2,1,1.5,0.0,0.6,7.2,35.52
47.8,8,100.0,6,2,9.7,1.7,0.63,7.4,65.01
45.0,5,5.0,4,2,4.8,1.3,0.34,4.1,48.64
27.4,3,37.9,1,3,6.8,5.1,0.68,6.8,41.5
34.2,7,62.4,5,0,4.6,5.1,0.7,8.3,48.24
38.0,7,106.3,3,4,8.8,4.9,0.66,4.7,46.14
39.4,4,5.0,3,3,5.3,0.0,0.4,3.5,52.84
45.0,4,114.8,2,0,14.6,0.6,0.3,9.0,40.06
41.4,8,47.7,5,2,11.7,2.1,0.62,3.0,65.42
29.3,5,13.2,2,0,0.8,4.1,0.92,6.9,32.43
43.0,4,22.9,2,2,6.8,3.0,0.47,4.8,39.82
44.9,6,19.9,4,1,8.9,4.9,0.56,0.0,62.42
44.5,7,45.4,3,4,4.2,6.9,0.8,8.4,49.38
48.6,7,5.0,3,1,10.8,1.0,0.47,0.0,71.28
46.7,6,10.4,2,0,10.4,1.1,0.95,0.0,65.96
43.7,4,100.5,3,2,5.7,4.4,0.34,6.6,60.11
39.4,7,8.5,3,2,9.9,3.8,0.93,6.6,60.81
26.7,4,15.9,2,1,0.0,6.2,0.81,3.1,37.51
43.4,6,36.2,3,2,11.4,4.0,0.7,5.4,55.21
41.7,4,43.7,2,3,9.5,9.2,0.24,0.0,62.2
42.2,5,86.5,4,2,1.6,0.0,0.69,7.1,41.1
29.8,6,35.6,1,1,7.0,6.5,0.49,5.7,25.26
31.4,6,93.6,2,0,0.0,4.6,0.46,4.9,34.04
48.4,6,57.8,3,2,2.9,0.0,0.39,5.1,41.1
39.7,6,7.2,4,2,10.4,0.0,0.4,6.5,48.47
45.5,6,10.2,4,1,5.9,0.6,0.52,4.9,66.74
40.2,3,34.5,1,3,5.7,7.6,0.59,0.0,55.43
40.2,4,30.3,2,1,6.2,7.3,0.09,11.6,40.99
47.5,6,81.6,3,4,5.7,3.6,0.77,8.6,56.46
35.9,2,52.2,1,3,9.9,2.9,0.41,1.1,51.25
40.8,6,29.5,3,4,3.5,1.4,0.33,4.0,49.16
36.3,7,11.2,4,3,7.7,3.4,0.78,4.3,51.03
36.5,7,15.4,3,0,1.4,2.6,0.49,8.2,34.57
37.5,10,51.4,5,3,9.0,9.1,0.4,0.0,60.93
41.8,6,33.0,3,1,4.7,0.3,0.59,3.5,53.39
36.2,4,43.4,3,0,5.8,5.2,0.38,0.0,45.54
50.0,5,11.2,1,2,4.6,9.3,0.07,4.1,62.84
32.8,2,65.2,1,3,5.1,6.3,0.25,3.6,34.97
38.5,8,114.9,3,3,2.0,0.6,0.81,5.2,45.84
36.5,5,17.9,2,0,7.3,0.0,0.18,3.2,38.69
51.6,5,40.6,2,0,8.2,4.8,0.68,2.7,55.11
41.6,5,222.6,4,3,0.7,4.5,0.65,6.9,50.84
48.3,4,24.3,3,2,3.6,7.7,0.75,6.4,66.54
28.1,7,54.2,5,5,6.1,5.6,0.47,6.7,43.92
42.1,6,5.7,4,3,3.6,2.5,0.22,4.5,56.62
47.1,6,55.9,3,1,5.1,2.3,0.43,3.3,40.8
40.7,5,5.6,2,1,12.5,0.1,0.45,4.6,39.42
48.5,5,192.0,2,1,1.9,4.4,0.84,6.5,55.67
35.9,6,75.5,3,2,0.0,0.0,0.71,0.0,44.41
51.3,6,93.1,6,0,3.6,6.7,0.3,6.2,55.76
58.4,5,73.1,5,4,4.7,5.8,0.67,5.9,69.72
37.1,3,53.5,2,0,4.0,5.7,0.12,5.2,38.47
36.4,5,35.9,1,2,7.1,0.0,0.54,4.6,36.28
51.6,4,117.3,1,2,1.9,3.6,0.48,0.0,54.64
52.6,7,188.6,6,1,1.3,2.8,0.27,3.7,64.09
35.8,7,41.5,5,1,3.3,4.3,0.14,10.4,40.28
36.6,7,160.9,3,3,3.4,5.6,0.23,5.0,51.01
37.7,5,52.5,3,2,14.5,2.5,0.25,4.1,54.52
29.2,5,46.4,5,5,12.2,2.6,0.42,5.1,54.4
32.7,9,36.4,4,1,0.0,6.0,0.86,6.1,50.14
32.0,9,14.1,7,4,0.0,0.6,0.49,7.0,42.75
33.9,4,5.0,1,2,5.7,1.8,0.58,4.3,30.92
39.7,8,16.6,4,2,13.6,4.0,0.6,6.3,62.25
41.9,3,42.8,2,2,8.7,6.7,0.38,10.0,47.79
52.4,5,28.7,2,4,5.9,1.1,0.25,8.0,49.53
32.0,5,35.7,2,0,4.2,9.4,0.3,12.0,29.58
47.9,7,236.7,6,1,10.3,0.0,0.44,3.0,58.38
38.3,8,25.9,7,1,6.7,8.7,0.83,10.0,65.91
39.6,6,36.1,2,3,12.9,7.6,0.4,2.6,64.02
45.4,6,8.6,3,1,0.0,0.0,0.42,6.1,48.43
31.0,5,5.0,1,1,7.7,0.0,0.4,7.2,33.33
43.1,2,89.6,1,3,3.7,6.2,0.66,3.5,56.01
41.3,8,50.7,5,2,7.7,2.9,0.54,5.3,56.15
43.9,7,85.8,3,6,7.0,1.0,0.53,7.7,44.5
42.3,4,9.7,2,4,8.0,9.4,0.2,2.9,68.26
59.6,4,50.9,3,1,9.9,0.4,0.58,10.0,55.46
34.9,5,17.6,1,1,11.6,1.8,0.37,0.8,47.99
35.8,3,15.5,1,1,13.8,2.2,0.36,10.8,29.94
35.0,6,5.0,3,2,6.1,0.0,0.61,8.0,33.4
35.6,3,8.4,3,2,3.8,4.3,0.73,4.7,48.65
34.9,3,22.2,1,7,1.1,1.3,0.67,3.8,35.05
49.5,4,7.5,3,3,7.7,6.4,0.66,3.5,72.51
51.4,5,255.5,2,1,9.3,6.8,0.61,4.6,50.19
35.4,8,22.1,4,1,0.6,4.7,0.59,4.9,46.48
33.3,7,8.4,5,1,10.6,4.7,0.19,8.8,47.87
43.8,8,13.3,5,1,5.6,4.5,0.52,10.9,38.77
35.6,7,53.2,3,2,1.0,1.9,0.46,5.6,35.39
45.1,10,5.0,5,2,2.6,2.2,0.46,2.5,58.98
41.6,7,119.0,5,1,2.2,8.0,0.93,3.4,65.17
27.9,7,195.4,3,3,2.3,6.2,0.21,4.5,34.6
52.4,7,17.0,3,1,8.3,4.6,0.74,1.9,71.27
54.4,5,35.9,1,0,9.5,5.8,0.85,1.5,65.48
35.1,7,5.0,5,2,12.8,3.8,0.44,11.3,46.68
36.9,6,61.4,4,5,3.2,4.6,0.86,5.9,52.5
42.3,4,32.1,3,2,7.4,5.8,0.54,2.5,66.27
42.7,9,18.9,4,2,3.4,0.0,0.39,7.4,38.24
45.3,5,13.9,4,1,6.1,6.7,0.82,1.5,66.28
56.1,4,63.7,3,3,0.1,6.5,0.23,1.7,63.84
38.6,10,32.3,7,1,1.5,1.7,0.17,2.6,53.37
33.6,5,11.9,2,1,9.2,7.7,0.29,10.0,48.38
29.0,4,70.1,3,2,0.1,0.0,0.66,4.2,38.7
34.2,5,50.0,3,3,8.5,5.1,0.48,0.0,49.68
39.7,4,117.4,3,1,3.3,4.1,0.42,8.6,38.22
54.4,5,7.5,4,4,0.0,3.1,0.63,4.1,67.03
35.9,6,92.4,3,3,0.0,4.1,0.25,0.0,42.98
41.8,6,67.2,4,3,11.9,5.7,0.57,4.0,57.87
39.9,4,7.3,2,2,0.0,0.0,0.27,6.6,44.38
49.5,5,71.2,2,4,5.7,7.0,0.49,6.2,53.0
60.2,4,35.0,1,3,7.4,2.8,0.31,10.4,57.25
35.8,8,174.0,7,2,0.7,7.0,0.43,2.4,67.62
36.1,4,9.2,3,3,3.8,5.9,0.58,5.1,46.22
48.4,9,61.8,7,2,7.9,2.7,0.83,2.9,66.94
45.5,5,28.9,3,1,7.2,3.8,0.53,0.4,61.0
54.8,4,188.5,2,2,4.2,3.9,0.07,7.7,43.03
44.7,6,24.0,2,4,6.9,8.8,0.41,6.4,55.75
37.1,3,196.5,1,3,5.6,0.6,0.67,5.9,33.95
44.7,7,139.1,3,5,2.1,2.7,0.37,6.3,47.38
48.9,7,18.9,3,2,10.8,0.0,0.27,2.9,64.92
46.6,6,97.6,6,0,6.8,4.4,0.57,2.0,74.79
44.1,4,325.6,2,1,0.0,2.1,0.35,5.1,41.02
48.5,5,17.5,2,1,8.1,2.5,0.64,8.5,37.11
49.4,4,34.4,3,0,3.5,8.5,0.09,9.8,55.64
51.1,4,44.1,3,0,4.8,1.5,0.79,7.4,64.13
45.2,5,21.0,3,4,6.0,3.5,0.69,5.1,38.32
38.7,5,5.0,1,2,2.8,2.6,0.13,5.8,40.39
41.2,5,14.9,4,4,13.2,2.8,0.26,5.0,57.26
49.7,6,19.9,4,1,0.0,12.3,0.42,1.9,67.08
33.5,6,35.2,4,1,6.2,0.0,0.76,5.1,48.87
42.9,3,11.3,2,1,7.5,5.9,0.38,1.0,70.66
36.9,5,123.9,4,6,6.2,11.3,0.58,4.6,66.31
40.2,5,73.2,2,2,5.2,7.2,0.66,9.9,41.11
50.2,6,5.3,3,2,4.5,4.1,0.56,7.5,48.94
41.5,6,63.0,3,3,2.8,0.5,0.4,2.2,49.19
40.4,5,63.6,2,6,2.7,7.9,0.26,4.8,55.63
29.1,7,187.7,6,4,10.6,6.8,0.63,2.5,56.96
46.0,5,5.0,2,2,4.2,0.0,0.83,4.8,46.9
45.2,6,17.1,3,1,14.5,3.0,0.61,8.1,70.76
57.3,4,157.7,2,2,8.7,0.4,0.44,7.0,60.07
37.5,7,161.4,5,2,0.0,0.0,0.66,12.5,39.04
41.8,7,76.5,3,1,9.5,0.3,0.54,8.6,32.61
42.0,5,87.1,2,0,5.8,4.3,0.66,5.6,42.78
52.6,7,5.8,2,0,0.4,5.7,0.54,7.0,51.67
39.2,2,43.3,2,1,11.2,3.0,0.54,4.4,45.87
42.2,8,15.8,4,2,4.3,8.1,0.46,1.6,72.43
44.9,4,12.0,2,4,3.9,7.1,0.58,8.9,58.74
41.5,7,99.7,2,0,7.5,3.6,0.31,8.0,35.98
36.4,8,8.7,4,4,10.6,3.2,0.62,4.3,64.32
41.6,5,37.9,4,5,6.5,5.1,0.43,5.8,56.86
